<?xml version="1.0" encoding="UTF-8" standalone="yes"?>
<addon id="plugin.video.mvl.play" name="My Video library" version="1.0.7" provider-name="Mukto Software Ltd.">
    <requires>
        <import addon="xbmc.python" version="2.1.0"/>
        <import addon="script.module.xbmcswift2" version="2.4.0"/>
        <import addon="script.module.urlresolver" version="1.0.0"/>
        <import addon="script.module.t0mm0.common" version="1.1.0"/>
        <import addon="script.module.metahandler" version="1.0.0"/>
    </requires>
    <extension point="xbmc.python.pluginsource" library="default.py">
        <provides>video</provides>
    </extension>
    <extension point="xbmc.addon.metadata">
        <platform>all</platform>
        <language>en</language>
        <summary>An add-on for MVL to stream movies. This is the staging version.</summary>
        <description>Visit "http://www.myvideolibrary.com/" for further details.</description>
        <license>GNU GENERAL PUBLIC LICENSE. Version 2, June 1991</license>
    </extension>
</addon>